{
 "buttongroups": ["tool","login"],
 "wait": [{ "btn":"about"       ,"tip":"2"                  ,"func":"/about"      ,"icon":"mdi-coffee","optional":1,"acc":"none"},
          { "btn":"home"        ,"tip":"1"                 ,"func":"/"           ,"icon":"mdi-home","optional":3,"acc":"all"},
          { "btn":"help"        ,"tip":"7"                  ,"func":"/help"       ,"icon":"mdi-help","optional":3,"acc":"all"}],
 "tool": [{ "btn":"Educational_Resources"     ,"tip":"Google Drive"         ,"func":"/drive" ,"icon":"mdi-school","optional":0,"acc":"all"}
         ,{ "btn":"admin"       ,"tip":"4"                  ,"func":"/admin"      ,"icon":"mdi-account-network","optional":0,"acc":"all"}

       ] ,
 "right": [{ "btn":"rightmenubutton"    ,"tip":"Click here to see menu","func":"drop","icon":"mdi-hamburger","optional":0,"acc":"all"}
        ],
 "login": [{ "btn": "Profile" ,"tip":"7" ,"func":"/profile" ,"icon":"mdi-face-outline" ,"optional":1,"acc":"all"},
           { "btn": "Logout" ,"tip":"8" ,"func":"/login"   ,"icon":"mdi-logout" ,"optional":1,"acc":"all"}
        ],
 "heroes": [{"name": "Hero1", "title" :"Students"
                     , "bgpicture": "https://www.dekuilen.com/img/dekuilen/home-image01.jpg"
                     , "text": "Click on `student login` to log in on this site."
                     , "more": "You will need your school number to log on."
                     , "color": "#2E7D32"
                     , "btn": "log in" ,"tip":"More information"
                                       ,"func":"/login","icon":"mdi-nature-people"},
            {"name": "Hero2", "title" :"Teachers"
                     , "bgpicture": "img/teachers.jpg"
                     , "text": "Click on `educator login` above to log in on this site."
                     , "more": "Information for educators will be availible here."
                     , "color": "blue"
                     , "xxbtn": "log in" ,"tip":"More information"
                                       ,"func":"/login","icon":"mdi-nature-people"},
            {"name": "Hero3", "title" :"Parents"
                     , "bgpicture": "https://www.dekuilen.com/img/dekuilen/dk-slide-2.jpg"
                     , "text": "All communication is via social media and other channels."
                     , "more": "However, we do sometimes host events here.<br> Links will be shared via email for browsing our online content."
                     , "color": "#45516b"},
            {"name": "Hero4", "title" :"Public"
                     , "bgpicture": "img/public.jpg"
                     , "text": "This site is not for the public. See options below."
                     , "more": "Feel free to visit our social media platform and find more information on our website at www.dekuilen.com"
                     , "color": "red"
                     }
           ]
}